{"cameraMode":{"drawMode":0,"name":"Shaded","section":"Shading Mode"},"sceneLighting":false,"audioPlay":false,"sceneViewState":{"m_AlwaysRefresh":false,"showFog":true,"showSkybox":false,"showFlares":true,"showImageEffects":true,"showParticleSystems":true,"showVisualEffectGraphs":true,"m_FxEnabled":true},"in2DMode":false,"pivot":{"x":21.15373992919922,"y":-0.8418691158294678,"z":0.181304931640625},"rotation":{"x":0.049546096473932269,"y":0.09871222823858261,"z":-0.00491865910589695,"w":0.9938818216323853},"size":15.12016487121582,"orthographic":false}