{"cameraMode":{"drawMode":0,"name":"Shaded","section":"Shading Mode"},"sceneLighting":false,"audioPlay":false,"sceneViewState":{"m_AlwaysRefresh":false,"showFog":true,"showSkybox":false,"showFlares":true,"showImageEffects":true,"showParticleSystems":true,"showVisualEffectGraphs":true,"m_FxEnabled":true},"in2DMode":false,"pivot":{"x":0.4106021523475647,"y":5.207066535949707,"z":0.9384527206420898},"rotation":{"x":0.08869261294603348,"y":-0.00448687793686986,"z":0.00040035892743617296,"w":0.9960571527481079},"size":7.938366889953613,"orthographic":false}