{"cameraMode":{"drawMode":0,"name":"Shaded","section":"Shading Mode"},"sceneLighting":false,"audioPlay":false,"sceneViewState":{"m_AlwaysRefresh":false,"showFog":true,"showSkybox":false,"showFlares":true,"showImageEffects":true,"showParticleSystems":true,"showVisualEffectGraphs":true,"m_FxEnabled":true},"in2DMode":false,"pivot":{"x":19.86678695678711,"y":-0.744999885559082,"z":0.014999985694885254},"rotation":{"x":0.049546096473932269,"y":0.09871222823858261,"z":-0.00491865910589695,"w":0.9938818216323853},"size":11.110726356506348,"orthographic":false}