{"cameraMode":{"drawMode":0,"name":"Shaded","section":"Shading Mode"},"sceneLighting":false,"audioPlay":false,"sceneViewState":{"m_AlwaysRefresh":false,"showFog":true,"showSkybox":false,"showFlares":true,"showImageEffects":true,"showParticleSystems":true,"showVisualEffectGraphs":true,"m_FxEnabled":true},"in2DMode":false,"pivot":{"x":19.86678695678711,"y":-0.744999885559082,"z":0.014999985694885254},"rotation":{"x":0.0632680356502533,"y":0.0014922787668183447,"z":-0.0000924193300306797,"w":0.9980074763298035},"size":11.110726356506348,"orthographic":false}