{"cameraMode":{"drawMode":0,"name":"Shaded","section":"Shading Mode"},"sceneLighting":false,"audioPlay":false,"sceneViewState":{"m_AlwaysRefresh":false,"showFog":true,"showSkybox":false,"showFlares":true,"showImageEffects":true,"showParticleSystems":true,"showVisualEffectGraphs":true,"m_FxEnabled":true},"in2DMode":false,"pivot":{"x":-7.150000095367432,"y":-19.600000381469728,"z":-22.03600311279297},"rotation":{"x":0.0632680356502533,"y":0.0014922787668183447,"z":-0.0000924193300306797,"w":0.9980074763298035},"size":0.8660253882408142,"orthographic":false}